tablenumber,date,time,total,employeeid,comments,current,items
1,01-may-2025,23:01,0.0,1,,0,Pad Thai
2,01-may-2025,16:42,0.0,1,,0,Hot Chocolate Cake
5,01-may-2025,10:53,0.0,1,tap water,0,Coffee,Lemon
2,01-may-2025,16:42,0.0,1,,0,Sweet and Sour Beef
1,01-may-2025,10:53,0.0,1,tap water,0,Coffee,Lemon,Crispy Chicken Wings
4,01-may-2025,17:48,0.0,1,,0,Sweet and Sour Chicken,Pineapple Fritters in Syrup
2,01-may-2025,02:00,0.0,1,,0,Crispy Beef,Sweet and Sour Chicken,Spring Rolls,Hot Chocolate Cake
1,01-may-2025,04:00,0.0,1,,0,Kung Po Beef,Mineral Water,Vegetable Fried Rice
1,01-may-2025,18:16,0.0,1,,0,Pad Thai,Veggie Spring Rolls
3,01-may-2025,18:17,0.0,1,Staff discount,0,Lemon Chicken
2,01-may-2025,21:34,0.0,1,,0,Crispy Beef,Spring Rolls,Mango Sorbet
5,01-may-2025,22:40,0.0,1,Tap water,0,Spring Rolls,Crispy Chicken Wings
4,01-may-2025,23:18,0.0,1,,0,Lemon Chicken,Sweet and Sour Sauce,Banoffee Pie,Mango Sorbet
1,01-may-2025,16:42,0.0,1,,0,Crispy Beef
5,01-may-2025,03:00,0.0,2,,0,Veggie Spring Rolls
3,01-may-2025,03:00,0.0,2,,0,Spring Onion & Ginger Chicken
2,01-may-2025,03:01,0.0,2,,0,Crispy Seaweed,Sweet and Sour Chicken
1,01-may-2025,12:40,0.0,2,,0,Steamed Dumpling,Crispy Seaweed
1,01-may-2025,14:04,0.0,1,,0,Steamed Dumpling,Sweet and Sour Chicken
5,01-may-2025,14:04,0.0,1,,0,Kung Po Beef
5,01-may-2025,14:32,0.0,1,,0,Crispy Seaweed
3,01-may-2025,14:38,0.0,2,,0,Crispy Chicken Wings
3,01-may-2025,14:58,0.0,1,,0,Mango Sorbet
3,01-may-2025,15:02,0.0,1,,0,Pineapple Fritters in Syrup
4,01-may-2025,15:03,0.0,1,,0,Veggie Spring Rolls
1,01-may-2025,15:07,0.0,1,,0,Pineapple Fritters in Syrup
5,01-may-2025,15:07,0.0,1,,0,Singapore Special Fried Rice
3,01-may-2025,15:09,0.0,1,,0,Sweet and Sour Chicken
3,01-may-2025,20:27,0.0,1,,0,Diet Coke,Chicken Chow Mein
2,01-may-2025,20:33,0.0,1,,0,Crispy Seaweed,Spring Rolls,Hot and Sour Soup
5,01-may-2025,22:08,0.0,3,,0,Veggie Spring Rolls,Crispy Beef
5,01-may-2025,22:51,0.0,2,,0,Mango Sorbet,Quarter Crispy Aromatic Duck
3,01-may-2025,23:42,0.0,2,,0,Chicken with Satay Sauce,Szechuan Chicken,Quarter Crispy Aromatic Duck
3,01-may-2025,23:44,0.0,1,,0,Crispy Wonton,Sweet and Sour Chicken
2,01-may-2025,23:47,0.0,1,,0,Sweet and Sour Beef,Chicken Sweetcorn Soup
3,01-may-2025,23:50,0.0,2,,0,Crispy Seaweed,Chicken Sweetcorn Soup,Mango Sorbet,Fried Rice
1,01-may-2025,23:50,0.0,2,,0,Fanta,Orange
4,01-may-2025,23:51,0.0,1,,0
2,01-may-2025,23:53,0.0,1,,0,Steamed Dumpling,Crispy Wonton
5,01-may-2025,23:54,0.0,1,,0,Spring Rolls,Steamed Dumpling
1,01-may-2025,23:57,0.0,3,,0,Chicken with Satay Sauce,Coca-Cola,Chicken in Black Bean Sauce
5,01-may-2025,00:02,0.0,3,,0,Chicken with Satay Sauce,Fried Rice
4,01-may-2025,00:25,0.0,2,,0,Chicken Sweetcorn Soup,Chicken Noodle Soup
3,01-may-2025,13:19,0.0,1,,0,Vegetable Fried Rice,Mango Sorbet
5,01-may-2025,16:21,0.0,1,Tap water,0,Szechuan Chicken,Hot Chocolate Cake
1,01-may-2025,23:01,0.0,1,,0,Pad Thai
4,01-may-2025,17:48,0.0,1,,0,Sweet and Sour Chicken,Pineapple Fritters in Syrup
2,01-may-2025,02:00,0.0,1,,0,Crispy Beef,Sweet and Sour Chicken,Spring Rolls,Hot Chocolate Cake
1,01-may-2025,04:00,0.0,1,,0,Kung Po Beef,Mineral Water,Vegetable Fried Rice
1,01-may-2025,18:16,0.0,1,,0,Pad Thai,Veggie Spring Rolls
3,01-may-2025,18:17,0.0,1,Staff discount,0,Lemon Chicken
2,01-may-2025,21:34,0.0,1,,0,Crispy Beef,Spring Rolls,Mango Sorbet
5,01-may-2025,22:40,0.0,1,Tap water,0,Spring Rolls,Crispy Chicken Wings
4,01-may-2025,23:18,0.0,1,,0,Lemon Chicken,Sweet and Sour Sauce,Banoffee Pie,Mango Sorbet
5,01-may-2025,03:00,0.0,2,,0,Veggie Spring Rolls
3,01-may-2025,03:00,0.0,2,,0,Spring Onion & Ginger Chicken
2,01-may-2025,03:01,0.0,2,,0,Crispy Seaweed,Sweet and Sour Chicken
1,01-may-2025,12:40,0.0,2,,0,Steamed Dumpling,Crispy Seaweed
1,01-may-2025,14:04,0.0,1,,0,Steamed Dumpling,Sweet and Sour Chicken
5,01-may-2025,14:04,0.0,1,,0,Kung Po Beef
5,01-may-2025,14:32,0.0,1,,0,Crispy Seaweed
3,01-may-2025,14:38,0.0,2,,0,Crispy Chicken Wings
3,01-may-2025,14:58,0.0,1,,0,Mango Sorbet
3,01-may-2025,15:02,0.0,1,,0,Pineapple Fritters in Syrup
4,01-may-2025,15:03,0.0,1,,0,Veggie Spring Rolls
1,01-may-2025,15:07,0.0,1,,0,Pineapple Fritters in Syrup
5,01-may-2025,15:07,0.0,1,,0,Singapore Special Fried Rice
3,01-may-2025,15:09,0.0,1,,0,Sweet and Sour Chicken
3,01-may-2025,20:27,0.0,1,,0,Diet Coke,Chicken Chow Mein
2,01-may-2025,20:33,0.0,1,,0,Crispy Seaweed,Spring Rolls,Hot and Sour Soup
5,01-may-2025,22:08,0.0,3,,0,Veggie Spring Rolls,Crispy Beef
5,01-may-2025,22:51,0.0,2,,0,Mango Sorbet,Quarter Crispy Aromatic Duck
3,01-may-2025,23:42,0.0,2,,0,Chicken with Satay Sauce,Szechuan Chicken,Quarter Crispy Aromatic Duck
3,01-may-2025,23:44,0.0,1,,0,Crispy Wonton,Sweet and Sour Chicken
2,01-may-2025,23:47,0.0,1,,0,Sweet and Sour Beef,Chicken Sweetcorn Soup
3,01-may-2025,23:50,0.0,2,,0,Crispy Seaweed,Chicken Sweetcorn Soup,Mango Sorbet,Fried Rice
1,01-may-2025,23:50,0.0,2,,0,Fanta,Orange
4,01-may-2025,23:51,0.0,1,,0
2,01-may-2025,23:53,0.0,1,,0,Steamed Dumpling,Crispy Wonton
5,01-may-2025,23:54,0.0,1,,0,Spring Rolls,Steamed Dumpling
1,01-may-2025,23:57,0.0,3,,0,Chicken with Satay Sauce,Coca-Cola,Chicken in Black Bean Sauce
5,01-may-2025,00:02,0.0,3,,0,Chicken with Satay Sauce,Fried Rice
4,01-may-2025,00:25,0.0,2,,0,Chicken Sweetcorn Soup,Chicken Noodle Soup
3,01-may-2025,13:19,0.0,1,,0,Vegetable Fried Rice,Mango Sorbet
5,01-may-2025,16:21,0.0,1,Tap water,0,Szechuan Chicken,Hot Chocolate Cake
1,01-may-2025,16:32,0.0,2,,0,Singapore Special Fried Rice,Sweet and Sour Sauce
1,01-may-2025,16:35,0.0,2,staff,0,Crispy Seaweed,Kung Po Beef,Sweet and Sour Chicken,Singapore Rice Noodles,Steamed Rice
1,01-may-2025,04:00,0.0,1,,0,Kung Po Beef,Mineral Water,Vegetable Fried Rice
1,01-may-2025,16:42,0.0,1,,0,Crispy Beef
1,01-may-2025,04:00,0.0,1,,0,Kung Po Beef,Mineral Water,Vegetable Fried Rice
1,01-may-2025,16:42,0.0,1,,0,Crispy Beef
1,01-may-2025,04:00,0.0,1,,0,Kung Po Beef,Mineral Water,Vegetable Fried Rice
5,01-may-2025,16:42,0.0,1,,0,Crispy Seaweed,Crispy Chicken Wings
2,01-may-2025,16:49,0.0,1,,0,Crispy Seaweed,Singapore Rice Noodles
3,01-may-2025,18:17,0.0,1,Staff discount,0,Lemon Chicken
3,01-may-2025,03:00,0.0,2,,0,Spring Onion & Ginger Chicken
3,01-may-2025,14:38,0.0,2,,0,Crispy Chicken Wings
3,01-may-2025,15:09,0.0,1,,0,Sweet and Sour Chicken
3,01-may-2025,20:27,0.0,1,,0,Diet Coke,Chicken Chow Mein
3,01-may-2025,23:42,0.0,2,,0,Chicken with Satay Sauce,Szechuan Chicken,Quarter Crispy Aromatic Duck
3,01-may-2025,23:44,0.0,1,,0,Crispy Wonton,Sweet and Sour Chicken
3,01-may-2025,23:50,0.0,2,,0,Crispy Seaweed,Chicken Sweetcorn Soup,Mango Sorbet,Fried Rice
3,01-may-2025,18:17,0.0,1,Staff discount,0,Lemon Chicken
3,01-may-2025,03:00,0.0,2,,0,Spring Onion & Ginger Chicken
3,01-may-2025,14:38,0.0,2,,0,Crispy Chicken Wings
3,01-may-2025,15:09,0.0,1,,0,Sweet and Sour Chicken
3,01-may-2025,20:27,0.0,1,,0,Diet Coke,Chicken Chow Mein
3,01-may-2025,23:42,0.0,2,,0,Chicken with Satay Sauce,Szechuan Chicken,Quarter Crispy Aromatic Duck
3,01-may-2025,23:44,0.0,1,,0,Crispy Wonton,Sweet and Sour Chicken
3,01-may-2025,23:50,0.0,2,,0,Crispy Seaweed,Chicken Sweetcorn Soup,Mango Sorbet,Fried Rice
3,01-may-2025,18:17,0.0,1,Staff discount,0,Lemon Chicken
3,01-may-2025,03:00,0.0,2,,0,Spring Onion & Ginger Chicken
3,01-may-2025,14:38,0.0,2,,0,Crispy Chicken Wings
3,01-may-2025,15:09,0.0,1,,0,Sweet and Sour Chicken
3,01-may-2025,20:27,0.0,1,,0,Diet Coke,Chicken Chow Mein
3,01-may-2025,23:42,0.0,2,,0,Chicken with Satay Sauce,Szechuan Chicken,Quarter Crispy Aromatic Duck
3,01-may-2025,23:44,0.0,1,,0,Crispy Wonton,Sweet and Sour Chicken
3,01-may-2025,23:50,0.0,2,,0,Crispy Seaweed,Chicken Sweetcorn Soup,Mango Sorbet,Fried Rice
3,01-may-2025,18:17,0.0,1,Staff discount,0,Lemon Chicken
3,01-may-2025,03:00,0.0,2,,0,Spring Onion & Ginger Chicken
3,01-may-2025,14:38,0.0,2,,0,Crispy Chicken Wings
3,01-may-2025,15:09,0.0,1,,0,Sweet and Sour Chicken
3,01-may-2025,20:27,0.0,1,,0,Diet Coke,Chicken Chow Mein
3,01-may-2025,23:42,0.0,2,,0,Chicken with Satay Sauce,Szechuan Chicken,Quarter Crispy Aromatic Duck
3,01-may-2025,23:44,0.0,1,,0,Crispy Wonton,Sweet and Sour Chicken
3,01-may-2025,23:50,0.0,2,,0,Crispy Seaweed,Chicken Sweetcorn Soup,Mango Sorbet,Fried Rice
2,01-may-2025,17:07,0.0,2,tap water,0,Beef in Black Bean Sauce,Sweet and Sour Beef
5,01-may-2025,10:53,0.0,1,tap water,0,Coffee,Lemon
1,01-may-2025,10:53,0.0,1,tap water,0,Coffee,Lemon,Crispy Chicken Wings
2,15-May-2025,20:14,0.0,1,,0,Sparkling Water
2,15-May-2025,20:15,$43.00,1,,0,Sparkling Water,Quarter Crispy Aromatic Duck
3,15-May-2025,22:15,$306.50,1,,0,Mango Sorbet,Spring Rolls,Veggie Spring Rolls
5,15-May-2025,22:30,$0.00,2,,0,Mineral Water
2,15-May-2025,22:31,$249.60,2,,0,Kung Po Beef
1,15-May-2025,22:34,$78.00,2,,0,Sweet and Sour Chicken,Hot Chocolate Cake
4,16-May-2025,14:13,$36.00,3,,0,Sweet and Sour Chicken
1,17-May-2025,01:01,$83.00,1,,1,Lemon Chicken,Steamed Dumpling,Sweet and Sour Chicken
2,17-May-2025,01:58,$28.00,1,,0,Veggie Spring Rolls
2,17-May-2025,02:16,$19.50,1,,1,Sweet and Sour Chicken,Mango Sorbet
3,17-May-2025,02:17,$18.70,1,,1,Orange,Chicken in Black Bean Sauce,Mango Sorbet
4,17-May-2025,02:17,$40.60,1,,0,Crispy Wonton,Pineapple Fritters in Syrup
5,17-May-2025,02:18,$80.00,1,,1,Lemon Chicken,Quarter Crispy Aromatic Duck
